Record-ID,TrainOrDev,Class,Gender,Age,Word Count CTD,Total Wait Time (s) CTD
.ipynb_checkpoints,,,,,210.0,3.0
Process-rec-001,train,MCI,male,62.0,210.0,3.0
Process-rec-002,dev,MCI,male,61.0,69.0,14.0
Process-rec-003,train,MCI,female,62.0,143.0,3.0
Process-rec-004,dev,MCI,female,67.0,161.0,2.0
Process-rec-005,train,MCI,male,65.0,45.0,0.0
Process-rec-006,train,Dementia,male,83.0,119.0,21.0
Process-rec-007,dev,HC,male,65.0,205.0,1.0
Process-rec-008,dev,MCI,female,62.0,94.0,17.0
Process-rec-009,train,HC,female,68.0,171.0,5.0
Process-rec-010,train,HC,female,77.0,297.0,5.0
Process-rec-011,train,MCI,male,56.0,100.0,2.0
Process-rec-012,train,HC,female,60.0,159.0,2.0
Process-rec-013,train,MCI,female,68.0,358.0,19.0
Process-rec-014,train,MCI,male,72.0,195.0,5.0
Process-rec-015,train,MCI,male,74.0,182.0,8.0
Process-rec-016,dev,Dementia,female,66.0,135.0,10.0
Process-rec-017,train,MCI,female,45.0,65.0,10.0
Process-rec-018,train,MCI,female,75.0,64.0,1.0
Process-rec-019,train,MCI,male,70.0,130.0,8.0
Process-rec-020,train,HC,female,65.0,287.0,0.0
Process-rec-021,dev,MCI,male,80.0,53.0,0.0
Process-rec-022,dev,Dementia,male,71.0,66.0,2.0
Process-rec-023,train,HC,male,74.0,232.0,7.0
Process-rec-024,train,MCI,female,69.0,132.0,17.0
Process-rec-025,train,MCI,male,70.0,77.0,0.0
Process-rec-026,train,HC,female,72.0,313.0,6.0
Process-rec-027,train,MCI,male,61.0,123.0,1.0
Process-rec-028,train,MCI,female,73.0,75.0,8.0
Process-rec-029,train,MCI,female,86.0,200.0,29.0
Process-rec-030,train,HC,female,74.0,87.0,3.0
Process-rec-031,train,HC,male,73.0,93.0,3.0
Process-rec-032,dev,MCI,male,62.0,113.0,20.0
Process-rec-033,dev,MCI,female,71.0,147.0,5.0
Process-rec-034,train,MCI,female,68.0,282.0,0.0
Process-rec-035,dev,Dementia,male,62.0,76.0,4.0
Process-rec-036,dev,HC,female,51.0,237.0,11.0
Process-rec-037,train,HC,male,60.0,236.0,3.0
Process-rec-038,train,MCI,female,68.0,179.0,6.0
Process-rec-039,train,HC,female,71.0,242.0,0.0
Process-rec-040,train,Dementia,male,77.0,77.0,7.0
Process-rec-041,train,Dementia,male,79.0,176.0,18.0
Process-rec-042,dev,HC,female,71.0,132.0,0.0
Process-rec-043,train,MCI,female,55.0,390.0,0.0
Process-rec-044,train,MCI,female,62.0,80.0,29.0
Process-rec-045,train,MCI,male,71.0,252.0,7.0
Process-rec-046,dev,HC,male,70.0,51.0,2.0
Process-rec-047,train,MCI,male,70.0,185.0,16.0
Process-rec-048,train,HC,male,52.0,111.0,2.0
Process-rec-049,train,MCI,male,57.0,66.0,5.0
Process-rec-050,dev,MCI,male,82.0,140.0,39.0
Process-rec-051,train,MCI,male,76.0,66.0,21.0
Process-rec-052,train,MCI,male,83.0,141.0,22.0
Process-rec-053,train,MCI,male,69.0,111.0,13.0
Process-rec-054,train,MCI,female,78.0,149.0,6.0
Process-rec-055,dev,MCI,female,37.0,449.0,7.0
Process-rec-056,train,HC,male,76.0,192.0,0.0
Process-rec-057,train,HC,male,72.0,162.0,4.0
Process-rec-058,train,HC,female,23.0,222.0,0.0
Process-rec-059,train,HC,male,49.0,256.0,8.0
Process-rec-060,train,HC,female,70.0,154.0,3.0
Process-rec-061,dev,HC,male,67.0,149.0,1.0
Process-rec-062,train,HC,male,64.0,172.0,18.0
Process-rec-063,train,HC,male,67.0,132.0,2.0
Process-rec-064,dev,HC,male,67.0,124.0,7.0
Process-rec-065,train,HC,female,52.0,89.0,4.0
Process-rec-066,train,HC,male,71.0,90.0,9.0
Process-rec-067,train,HC,female,37.0,122.0,9.0
Process-rec-068,train,HC,female,71.0,238.0,5.0
Process-rec-069,dev,HC,female,24.0,117.0,0.0
Process-rec-070,train,HC,female,45.0,109.0,5.0
Process-rec-071,train,HC,other,23.0,129.0,0.0
Process-rec-072,train,HC,male,36.0,108.0,7.0
Process-rec-073,train,HC,female,30.0,329.0,9.0
Process-rec-074,train,HC,female,52.0,214.0,1.0
Process-rec-075,dev,HC,male,73.0,129.0,6.0
Process-rec-076,dev,HC,male,23.0,257.0,18.0
Process-rec-077,train,HC,male,59.0,43.0,2.0
Process-rec-078,dev,MCI,female,56.0,46.0,3.0
Process-rec-079,train,MCI,male,76.0,193.0,5.0
Process-rec-080,dev,MCI,female,83.0,150.0,2.0
Process-rec-081,train,MCI,male,63.0,254.0,26.0
Process-rec-082,train,MCI,male,86.0,61.0,17.0
Process-rec-083,dev,HC,female,73.0,212.0,0.0
Process-rec-084,train,MCI,male,61.0,125.0,3.0
Process-rec-085,dev,Dementia,male,68.0,248.0,5.0
Process-rec-086,train,MCI,female,94.0,186.0,26.0
Process-rec-087,train,MCI,female,70.0,107.0,0.0
Process-rec-088,dev,MCI,male,76.0,196.0,17.0
Process-rec-089,train,MCI,female,71.0,77.0,2.0
Process-rec-090,train,HC,female,60.0,191.0,2.0
Process-rec-091,train,Dementia,female,73.0,117.0,1.0
Process-rec-092,train,Dementia,female,67.0,148.0,2.0
Process-rec-093,dev,MCI,female,51.0,116.0,1.0
Process-rec-094,train,HC,female,69.0,332.0,30.0
Process-rec-095,train,MCI,female,72.0,173.0,13.0
Process-rec-096,train,MCI,female,67.0,126.0,8.0
Process-rec-097,train,MCI,female,84.0,176.0,5.0
Process-rec-098,train,MCI,female,62.0,357.0,25.0
Process-rec-099,train,HC,male,76.0,69.0,10.0
Process-rec-100,train,MCI,female,74.0,223.0,12.0
Process-rec-101,train,HC,female,57.0,73.0,3.0
Process-rec-102,train,MCI,male,79.0,94.0,2.0
Process-rec-103,train,Dementia,male,73.0,24.0,3.0
Process-rec-104,dev,MCI,male,50.0,77.0,4.0
Process-rec-105,train,Dementia,male,87.0,166.0,7.0
Process-rec-106,train,Dementia,male,76.0,258.0,24.0
Process-rec-107,train,Dementia,female,75.0,78.0,20.0
Process-rec-108,train,HC,female,66.0,379.0,20.0
Process-rec-109,train,HC,male,66.0,191.0,6.0
Process-rec-110,dev,HC,male,66.0,326.0,8.0
Process-rec-111,train,HC,female,66.0,170.0,18.0
Process-rec-112,dev,HC,female,66.0,315.0,5.0
Process-rec-113,train,HC,female,66.0,159.0,11.0
Process-rec-114,train,HC,female,66.0,85.0,0.0
Process-rec-115,train,MCI,male,66.0,22.0,4.0
Process-rec-116,train,MCI,male,66.0,25.0,10.0
Process-rec-117,dev,MCI,male,66.0,57.0,2.0
Process-rec-118,train,HC,male,71.0,122.0,16.0
Process-rec-119,train,HC,male,69.0,94.0,3.0
Process-rec-120,dev,HC,female,65.0,110.0,24.0
Process-rec-121,train,HC,female,66.0,202.0,3.0
Process-rec-122,dev,HC,male,66.0,84.0,5.0
Process-rec-123,train,HC,female,66.0,194.0,7.0
Process-rec-124,train,HC,male,83.0,170.0,6.0
Process-rec-125,train,HC,female,58.0,88.0,16.0
Process-rec-126,train,HC,male,27.0,64.0,7.0
Process-rec-127,train,HC,male,66.0,42.0,6.0
Process-rec-128,train,HC,female,66.0,138.0,3.0
Process-rec-129,dev,HC,male,71.0,170.0,14.0
Process-rec-130,dev,HC,male,66.0,115.0,0.0
Process-rec-131,train,HC,male,66.0,142.0,5.0
Process-rec-132,train,HC,female,66.0,125.0,2.0
Process-rec-133,train,HC,female,66.0,71.0,0.0
Process-rec-134,train,HC,female,66.0,227.0,21.0
Process-rec-135,train,HC,female,66.0,91.0,1.0
Process-rec-136,train,HC,female,66.0,433.0,13.0
Process-rec-137,train,HC,female,66.0,80.0,8.0
Process-rec-138,dev,HC,female,66.0,132.0,2.0
Process-rec-139,train,HC,female,66.0,132.0,10.0
Process-rec-140,train,HC,female,66.0,167.0,1.0
Process-rec-141,dev,HC,female,66.0,71.0,0.0
Process-rec-142,train,MCI,female,66.0,12.0,2.0
Process-rec-143,train,Dementia,male,70.0,116.0,22.0
Process-rec-144,dev,MCI,female,66.0,97.0,11.0
Process-rec-145,train,MCI,male,66.0,65.0,13.0
Process-rec-146,train,MCI,female,66.0,461.0,6.0
Process-rec-147,train,Dementia,female,61.0,201.0,34.0
Process-rec-148,train,HC,female,72.0,94.0,2.0
Process-rec-149,dev,HC,male,74.0,177.0,0.0
Process-rec-150,dev,HC,male,55.0,179.0,3.0
Process-rec-151,train,HC,female,76.0,255.0,1.0
Process-rec-152,dev,HC,female,67.0,415.0,7.0
Process-rec-153,train,HC,male,63.0,112.0,0.0
Process-rec-154,train,HC,female,79.0,222.0,4.0
Process-rec-155,train,HC,male,86.0,91.0,0.0
Process-rec-156,train,Dementia,male,61.0,48.0,16.0
Process-rec-157,train,HC,male,65.0,261.0,14.0
